{"pigeons_start_positions": [[0.275390625, 0.19140625], [0.4580078125, 0.16666666666666666], [0.6728515625, 0.18489583333333334], [0.8642578125, 0.15104166666666666]], "pigeon_start_position": [0.5, 0.5], "car_start_position": [0.4609375, 0.69010416666666663]}