{"pigeons_path_key_points":
[
[[0.1083984375, 0.40494791666666669], [0.267578125, 0.30729166666666669], [0.3994140625, 0.36848958333333331]],
[[0.1923828125, 0.080729166666666671], [0.3388671875, 0.14322916666666666], [0.412109375, 0.22135416666666666]],
[[0.892578125, 0.13932291666666666], [0.75390625, 0.15234375], [0.6298828125, 0.23958333333333334]],
[[0.947265625, 0.33723958333333331], [0.798828125, 0.29817708333333331], [0.662109375, 0.35026041666666669]]
],
"car_start_position": [0.4609375, 0.69010416666666663]
}
